tag,result
A1,Full scale 10 m of water = 98.07 kPa; 1 kPa = 102.0 mm of water
A2,"Shunt 150 ohm gives 0.60 to 3.00 V; ADC step 125 uV; 19,200 steps; resolution 0.52 mm (0 to 10 m), 1.04 mm (0 to 20 m variant)"
A3,Placement rule: probe at least 1 m below the lowest pumping level; seasonal swing plus pumping drawdown up to 9 m then stays in range with 1 m of headroom; larger swings need the 0 to 20 m variant
B1,"Loop at 22 mA, 62 m cable (10.8 ohm): from the 12 V rail (low 11.4 V) the transducer gets 7.56 V against 12 V minimum (short by 4.44 V); with a 24 V boost it gets 20.16 V (margin 8.16 V)"
B1b,"Shunt voltage at a 25 mA fault is 3.75 V, above the ADC's 3.6 V limit at 3.3 V supply; a series input resistor is needed"
B2,"Per reading: loop 1.38 J (24 V x 22 mA x 2 s, boost 85 %, rail 90 %) + controller 0.053 J = 1.43 J"
B3,"At 15 min: 38.2 mWh/day, 1.59 mW average; 1.6 % of FieldNode's published 100 mW allowance"
B4,"At 1 min (pumping test): 0.573 Wh/day, 23.9 mW average; 24 % of the 100 mW allowance"
B5,"TRL 2 figure for comparison: 0.66 J per reading, 18 mWh/day (12 V direct, 80 %)"
C1,"Gravity 9.7803 m/s2 at the equator, 9.8062 at 45 deg, 9.8192 at 60 deg: using standard g misreads 10 m by +27 mm at the equator; firmware uses local g, and calibration absorbs the rest"
C2,"Density 1000.00 kg/m3 at 4 degC, 999.13 at 15 degC, 997.08 at 25 degC: 0.29 % or 29 mm at 10 m across 4 to 25 degC"
C3.1,"nonlinearity, hysteresis, repeatability: 10.0 mm"
C3.2,"probe thermal effect, 2 K: 4.0 mm"
C3.3,"density at a fixed site value, 2 K: 3.2 mm"
C3.4,"shunt drift, 30 K: 3.8 mm"
C3.5,"ADC gain drift, 30 K: 2.6 mm"
C3.6,ADC resolution: 0.5 mm
C3.7,manual tape reference: 3.0 mm
C4,"0.25 % class after two-point calibration: RSS 12.5 mm, worst-case sum 27.1 mm (target 20 mm)"
C5,"0.5 % class after two-point calibration: RSS 21.4 mm, worst-case sum 37.1 mm"
C6,"Datasheet only, no field calibration: 50 mm (0.5 % class), 25 mm (0.25 % class)"
C7,"Absolute sensor without compensation, +/-3 kPa weather: +/-306 mm"
C8,"Drift: with a tape check every quarter, a transducer drifting 20 mm a year leaves at most 5 mm uncorrected between checks, close to the 3 mm tape uncertainty; real drift of low-cost probes is unknown"
D1,Model: probe 22 mm in a 26.6 mm bore: 2.3 mm radial clearance; tube 32.2 mm from the riser and 18.3 mm from the casing wall in the 150 mm design well
D2 1 in (DN25),"bore 26.6 mm takes probes up to 22 mm with 2 mm radial clearance; fits beside a centered riser in casings of 150, 200 mm; beside a riser against the wall in 100, 125, 150, 200 mm"
D2 1-1/4 in (DN32),"bore 35.1 mm takes probes up to 28 mm with 2 mm radial clearance; fits beside a centered riser in casings of 200 mm; beside a riser against the wall in 100, 125, 150, 200 mm"
D3,Cable and probe hanging in air at 60 m: 35 N against a 400 N strain member (factor 11.5)
D4,"Access tube 320 mm2, 0.45 kg/m; 60 m hanging dry: 264 N, stress 0.82 MPa against 48 MPa (factor 58); the seal plate gland needs a tube clamp for 264 N"
E1,"One year at 15 min: 35,040 readings x 32 B = 1.12 MB, 6.7 % of the 16 MB flash"
E2,"A 7-day pumping test at 1 min adds 10,080 readings, 0.32 MB"
E3,"Airtime at SF9: 20-byte uplink 246.8 ms, 23.7 s/day at 15 min (FieldNode figure); pumping test batch of 15 readings (38 bytes) 328.7 ms, 31.6 s/day, over the 30 s/day fair use on a public network; fits a private TwinKit gateway"
E4,"Rule (WLS-DDR-002): on a public network a pumping test sends every 30 min, a batch of 30 readings (68 bytes) 472.1 ms, 22.7 s/day, within 30 s/day; on a private TwinKit gateway the 15 min batch is kept"
F1,"Vent capillary 110 mL at 62 m; box and vent breathe 0.15 L/day at a 30 K swing, carrying 3.6 mg of water at worst; 10 g of gel lasts about 552 days if the whole box breathes through it (quarterly change: factor 6.1)"
G1,Estimated 120 min for two people (9 steps) against 120 min; post footing set and cured on an earlier visit
H1,"BOM 14 lines, 14 priced; cable 32 m and tube 30.61 m (BOM 31 m) at 30 m probe depth"
H2,"WellSense parts (lines 1 to 7, 9, 10, 13, 14): $197.60 against budget_usd $190 (over by $7.60); with the FieldNode core $323.60; with FieldNode's hot-site shield (+$8.00, FND-DDR-002) $331.60"
H2b,"Without the conduit (line 14, $10.00) the parts would be $187.60, within the $190 budget"
H3,Depth-dependent $1.80/m; budget met to a probe depth of 25.8 m; at 60 m $251.60; without an access tube (no pump in the casing) $166.60
L R9,"Not met: No drinking water certificate in hand for low-cost cable, seal or probe"
L R12,Not met: $197.60 at 30 m against $190; met to 25.8 m
L R4,"At risk: RSS 12.5 mm, sum 27.1 mm (0.25 % class, calibrated)"
L R10,At risk: 2.3 mm radial clearance with a 22 mm probe; tube may need the pump pulled
L R15,At risk: FieldNode shield at hot sites (48.5 to 52.2 degC inside at 45 degC); FieldNode rated to 45 degC ambient against 55 degC
L R16,At risk: Cable in conduit from the tube cap to the box; locking of the wellhead parts not specified
L R5,Not verifiable at TRL 3: Drift unknown; quarterly check leaves 5 mm
L R11,Not verifiable at TRL 3: 120 min estimate
L R13,Not verifiable at TRL 3: Dashboard not started
L R1,"Met: 0 to 10 m, 98.07 kPa"
L R2,"Met: Cable factor 11.5, tube factor 58 at 60 m"
L R3,Met: 0.52 mm
L R6,"Met: 15 min; 1 min logged, sent every 30 min on a public network (22.7 s/day)"
L R7,Met: 1.12 MB a year
L R8,"Met: 38.2 mWh/day, 1.6 % of 100 mW"
L R14,"Met: Levels, time and well ID only"
L,"2 not met, 4 at risk, 3 not verifiable at TRL 3, 7 met"
